{"cameraMode":{"drawMode":0,"name":"Shaded","section":"Shading Mode"},"sceneLighting":false,"audioPlay":false,"sceneViewState":{"showFog":true,"showMaterialUpdate":false,"showSkybox":false,"showFlares":true,"showImageEffects":true,"showParticleSystems":true,"showVisualEffectGraphs":true,"m_FxEnabled":true},"in2DMode":false,"pivot":{"x":0.4939999580383301,"y":0.36477863788604739,"z":0.8840000033378601},"rotation":{"x":0.0372900664806366,"y":-0.9507319927215576,"z":0.1259201467037201,"w":0.28100454807281496},"size":0.24629570543766023,"orthographic":false}